[{"model": "auth.permission", "pk": 1, "fields": {"name": "Can add log entry", "content_type": 1, "codename": "add_logentry"}}, {"model": "auth.permission", "pk": 2, "fields": {"name": "Can change log entry", "content_type": 1, "codename": "change_logentry"}}, {"model": "auth.permission", "pk": 3, "fields": {"name": "Can delete log entry", "content_type": 1, "codename": "delete_logentry"}}, {"model": "auth.permission", "pk": 4, "fields": {"name": "Can add group", "content_type": 2, "codename": "add_group"}}, {"model": "auth.permission", "pk": 5, "fields": {"name": "Can change group", "content_type": 2, "codename": "change_group"}}, {"model": "auth.permission", "pk": 6, "fields": {"name": "Can delete group", "content_type": 2, "codename": "delete_group"}}, {"model": "auth.permission", "pk": 7, "fields": {"name": "Can add permission", "content_type": 3, "codename": "add_permission"}}, {"model": "auth.permission", "pk": 8, "fields": {"name": "Can change permission", "content_type": 3, "codename": "change_permission"}}, {"model": "auth.permission", "pk": 9, "fields": {"name": "Can delete permission", "content_type": 3, "codename": "delete_permission"}}, {"model": "auth.permission", "pk": 10, "fields": {"name": "Can add content type", "content_type": 4, "codename": "add_contenttype"}}, {"model": "auth.permission", "pk": 11, "fields": {"name": "Can change content type", "content_type": 4, "codename": "change_contenttype"}}, {"model": "auth.permission", "pk": 12, "fields": {"name": "Can delete content type", "content_type": 4, "codename": "delete_contenttype"}}, {"model": "auth.permission", "pk": 13, "fields": {"name": "Can add session", "content_type": 5, "codename": "add_session"}}, {"model": "auth.permission", "pk": 14, "fields": {"name": "Can change session", "content_type": 5, "codename": "change_session"}}, {"model": "auth.permission", "pk": 15, "fields": {"name": "Can delete session", "content_type": 5, "codename": "delete_session"}}, {"model": "auth.permission", "pk": 16, "fields": {"name": "Can add product category", "content_type": 6, "codename": "add_productcategory"}}, {"model": "auth.permission", "pk": 17, "fields": {"name": "Can change product category", "content_type": 6, "codename": "change_productcategory"}}, {"model": "auth.permission", "pk": 18, "fields": {"name": "Can delete product category", "content_type": 6, "codename": "delete_productcategory"}}, {"model": "auth.permission", "pk": 19, "fields": {"name": "Can add product", "content_type": 7, "codename": "add_product"}}, {"model": "auth.permission", "pk": 20, "fields": {"name": "Can change product", "content_type": 7, "codename": "change_product"}}, {"model": "auth.permission", "pk": 21, "fields": {"name": "Can delete product", "content_type": 7, "codename": "delete_product"}}, {"model": "auth.permission", "pk": 22, "fields": {"name": "Can add user", "content_type": 8, "codename": "add_shopuser"}}, {"model": "auth.permission", "pk": 23, "fields": {"name": "Can change user", "content_type": 8, "codename": "change_shopuser"}}, {"model": "auth.permission", "pk": 24, "fields": {"name": "Can delete user", "content_type": 8, "codename": "delete_shopuser"}}, {"model": "auth.permission", "pk": 25, "fields": {"name": "Can add basket", "content_type": 9, "codename": "add_basket"}}, {"model": "auth.permission", "pk": 26, "fields": {"name": "Can change basket", "content_type": 9, "codename": "change_basket"}}, {"model": "auth.permission", "pk": 27, "fields": {"name": "Can delete basket", "content_type": 9, "codename": "delete_basket"}}, {"model": "auth.permission", "pk": 28, "fields": {"name": "Can view log entry", "content_type": 1, "codename": "view_logentry"}}, {"model": "auth.permission", "pk": 29, "fields": {"name": "Can view permission", "content_type": 3, "codename": "view_permission"}}, {"model": "auth.permission", "pk": 30, "fields": {"name": "Can view group", "content_type": 2, "codename": "view_group"}}, {"model": "auth.permission", "pk": 31, "fields": {"name": "Can view content type", "content_type": 4, "codename": "view_contenttype"}}, {"model": "auth.permission", "pk": 32, "fields": {"name": "Can view session", "content_type": 5, "codename": "view_session"}}, {"model": "auth.permission", "pk": 33, "fields": {"name": "Can view product", "content_type": 7, "codename": "view_product"}}, {"model": "auth.permission", "pk": 34, "fields": {"name": "Can view product category", "content_type": 6, "codename": "view_productcategory"}}, {"model": "auth.permission", "pk": 35, "fields": {"name": "Can view user", "content_type": 8, "codename": "view_shopuser"}}, {"model": "auth.permission", "pk": 36, "fields": {"name": "Can view basket", "content_type": 9, "codename": "view_basket"}}, {"model": "auth.permission", "pk": 37, "fields": {"name": "Can add association", "content_type": 10, "codename": "add_association"}}, {"model": "auth.permission", "pk": 38, "fields": {"name": "Can change association", "content_type": 10, "codename": "change_association"}}, {"model": "auth.permission", "pk": 39, "fields": {"name": "Can delete association", "content_type": 10, "codename": "delete_association"}}, {"model": "auth.permission", "pk": 40, "fields": {"name": "Can view association", "content_type": 10, "codename": "view_association"}}, {"model": "auth.permission", "pk": 41, "fields": {"name": "Can add code", "content_type": 11, "codename": "add_code"}}, {"model": "auth.permission", "pk": 42, "fields": {"name": "Can change code", "content_type": 11, "codename": "change_code"}}, {"model": "auth.permission", "pk": 43, "fields": {"name": "Can delete code", "content_type": 11, "codename": "delete_code"}}, {"model": "auth.permission", "pk": 44, "fields": {"name": "Can view code", "content_type": 11, "codename": "view_code"}}, {"model": "auth.permission", "pk": 45, "fields": {"name": "Can add nonce", "content_type": 12, "codename": "add_nonce"}}, {"model": "auth.permission", "pk": 46, "fields": {"name": "Can change nonce", "content_type": 12, "codename": "change_nonce"}}, {"model": "auth.permission", "pk": 47, "fields": {"name": "Can delete nonce", "content_type": 12, "codename": "delete_nonce"}}, {"model": "auth.permission", "pk": 48, "fields": {"name": "Can view nonce", "content_type": 12, "codename": "view_nonce"}}, {"model": "auth.permission", "pk": 49, "fields": {"name": "Can add user social auth", "content_type": 13, "codename": "add_usersocialauth"}}, {"model": "auth.permission", "pk": 50, "fields": {"name": "Can change user social auth", "content_type": 13, "codename": "change_usersocialauth"}}, {"model": "auth.permission", "pk": 51, "fields": {"name": "Can delete user social auth", "content_type": 13, "codename": "delete_usersocialauth"}}, {"model": "auth.permission", "pk": 52, "fields": {"name": "Can view user social auth", "content_type": 13, "codename": "view_usersocialauth"}}, {"model": "auth.permission", "pk": 53, "fields": {"name": "Can add partial", "content_type": 14, "codename": "add_partial"}}, {"model": "auth.permission", "pk": 54, "fields": {"name": "Can change partial", "content_type": 14, "codename": "change_partial"}}, {"model": "auth.permission", "pk": 55, "fields": {"name": "Can delete partial", "content_type": 14, "codename": "delete_partial"}}, {"model": "auth.permission", "pk": 56, "fields": {"name": "Can view partial", "content_type": 14, "codename": "view_partial"}}, {"model": "auth.permission", "pk": 57, "fields": {"name": "Can add shop user profile", "content_type": 15, "codename": "add_shopuserprofile"}}, {"model": "auth.permission", "pk": 58, "fields": {"name": "Can change shop user profile", "content_type": 15, "codename": "change_shopuserprofile"}}, {"model": "auth.permission", "pk": 59, "fields": {"name": "Can delete shop user profile", "content_type": 15, "codename": "delete_shopuserprofile"}}, {"model": "auth.permission", "pk": 60, "fields": {"name": "Can view shop user profile", "content_type": 15, "codename": "view_shopuserprofile"}}, {"model": "auth.permission", "pk": 61, "fields": {"name": "Can add заказ", "content_type": 16, "codename": "add_order"}}, {"model": "auth.permission", "pk": 62, "fields": {"name": "Can change заказ", "content_type": 16, "codename": "change_order"}}, {"model": "auth.permission", "pk": 63, "fields": {"name": "Can delete заказ", "content_type": 16, "codename": "delete_order"}}, {"model": "auth.permission", "pk": 64, "fields": {"name": "Can view заказ", "content_type": 16, "codename": "view_order"}}, {"model": "auth.permission", "pk": 65, "fields": {"name": "Can add order item", "content_type": 17, "codename": "add_orderitem"}}, {"model": "auth.permission", "pk": 66, "fields": {"name": "Can change order item", "content_type": 17, "codename": "change_orderitem"}}, {"model": "auth.permission", "pk": 67, "fields": {"name": "Can delete order item", "content_type": 17, "codename": "delete_orderitem"}}, {"model": "auth.permission", "pk": 68, "fields": {"name": "Can view order item", "content_type": 17, "codename": "view_orderitem"}}, {"model": "sessions.session", "pk": "21qhh4kdelhmexwtih7ax37z7u2x97nl", "fields": {"session_data": "N2NiYTEzNWM0NGY4OWQzYTAyNmU0NWQ3Nzk5MWIxY2UzMTZiZmY2Yzp7Il9hdXRoX3VzZXJfaWQiOiIxIiwiX2F1dGhfdXNlcl9iYWNrZW5kIjoiZGphbmdvLmNvbnRyaWIuYXV0aC5iYWNrZW5kcy5Nb2RlbEJhY2tlbmQiLCJfYXV0aF91c2VyX2hhc2giOiIwNzEwM2Y2MDBjMDZlNjEzZWYzOTcxM2QwNDhkNTcxNzExYjU3Yzk5In0=", "expire_date": "2018-12-18T18:53:04.155Z"}}, {"model": "sessions.session", "pk": "8fkr3jc1smd7rc42ymkdbh8api1n9r4w", "fields": {"session_data": "YTUxNDVhMjFmM2JkMGQ1NjMzOTZjMTQ5MTkzYWZmOTkxYzdhZmM3MDp7Il9hdXRoX3VzZXJfaWQiOiIxIiwiX2F1dGhfdXNlcl9oYXNoIjoiNzRhYzZmYmZmZTQ0MjI0MGZlMjQxOGRkMGM5YjdkY2Y3ODU5ODNiNiIsIl9hdXRoX3VzZXJfYmFja2VuZCI6ImRqYW5nby5jb250cmliLmF1dGguYmFja2VuZHMuTW9kZWxCYWNrZW5kIn0=", "expire_date": "2017-11-01T19:51:52.681Z"}}, {"model": "sessions.session", "pk": "bsu9tu3h4q4lbgs7zruahqxrhhy4sd83", "fields": {"session_data": "OWU3NzBiZWZiYWNjYzBlZmQ0M2VkNjk4ZDk5ZWYyZGNjYjAwMGQ0Njp7Il9hdXRoX3VzZXJfYmFja2VuZCI6ImRqYW5nby5jb250cmliLmF1dGguYmFja2VuZHMuTW9kZWxCYWNrZW5kIiwiX2F1dGhfdXNlcl9pZCI6IjEiLCJfYXV0aF91c2VyX2hhc2giOiI3NGFjNmZiZmZlNDQyMjQwZmUyNDE4ZGQwYzliN2RjZjc4NTk4M2I2In0=", "expire_date": "2017-11-04T09:38:15.540Z"}}, {"model": "sessions.session", "pk": "dw5i8ucmtcrqr1ai7kvfe54j80vo66el", "fields": {"session_data": "N2NiYTEzNWM0NGY4OWQzYTAyNmU0NWQ3Nzk5MWIxY2UzMTZiZmY2Yzp7Il9hdXRoX3VzZXJfaWQiOiIxIiwiX2F1dGhfdXNlcl9iYWNrZW5kIjoiZGphbmdvLmNvbnRyaWIuYXV0aC5iYWNrZW5kcy5Nb2RlbEJhY2tlbmQiLCJfYXV0aF91c2VyX2hhc2giOiIwNzEwM2Y2MDBjMDZlNjEzZWYzOTcxM2QwNDhkNTcxNzExYjU3Yzk5In0=", "expire_date": "2018-12-18T18:57:14.849Z"}}, {"model": "sessions.session", "pk": "i8lvzerjtw5gviqqw9i9385ureomvoz3", "fields": {"session_data": ".eJxVj8tuwjAQRf_F65KaOMaYXQvqoqggNgh1Y03GY2IlSlRsHmnVf69ToarZnqtz78wXa-kW2YI9sgd2qScdnGOVmxAhUqJ-Z1-P76L_WGK_usKhftvCpvfr58_rXr60uySZwTDnQCfjbVL0mJWANbVDEDr00BjsTpTdacgudbZfb5-G0bFXQaiSVKLTis-ULYjnyLWlmVSunKPEApRwPKfCCSUkKlROcq0LlNJxEmi1FdNUet_9rW4gRNN0R9_-O-zvbfb9AyiNWhA:1mZXQ4:l5aeHdf0HE0g08Bbli1ylj2-MBRUym7TdXz8ynnRPFs", "expire_date": "2021-10-24T11:55:08.430Z"}}, {"model": "sessions.session", "pk": "nw45ptg69aihxskpchozxnxy5iyxh6cn", "fields": {"session_data": ".eJxVj8tqwzAQRf9F69RRLMuKuisEEsjD7aaUboQ8GsWOjZxYsjGU_nvlEkqzPZdz78wXcTgF8kyWZEHG5qnTQ6hS5YMOGOnHbroeLvZtCrvg8k9XXzev2_WqOm1tcdQ3HyU1G2rw2KvaREU-slJDg24OfAe1bhV0PSZ36pOxSd73xcs8-uhV2ldRKsFKQXNhMqQpUGkw58KWa-CQacEsTTGzTDAOAoTlVMoMOLcUGRhp2CqW3nd_q1vtg2q7c-3-Hfb3Nvn-ARgmWfs:1mYFSH:wlsx8Y0xoyqI5FluqBP-yEc1Cy5Y5GOE2zJyoVCBpwA", "expire_date": "2021-10-20T22:32:05.418Z"}}, {"model": "sessions.session", "pk": "tmesctfrv806fpc8bfecfogrql2u5e5h", "fields": {"session_data": "ZmE4OThlZDdlYzU1M2MxNzI1Yzg4M2FkOGNkM2ZlOTBjMDM4ZjIyNDp7Il9hdXRoX3VzZXJfaWQiOiIxIiwiX2F1dGhfdXNlcl9iYWNrZW5kIjoiZGphbmdvLmNvbnRyaWIuYXV0aC5iYWNrZW5kcy5Nb2RlbEJhY2tlbmQiLCJfYXV0aF91c2VyX2hhc2giOiI3NGFjNmZiZmZlNDQyMjQwZmUyNDE4ZGQwYzliN2RjZjc4NTk4M2I2In0=", "expire_date": "2017-11-01T12:54:45.937Z"}}, {"model": "sessions.session", "pk": "trq0b4r5yikuxxte8bsxtrpeqqwxkvi2", "fields": {"session_data": "N2NiYTEzNWM0NGY4OWQzYTAyNmU0NWQ3Nzk5MWIxY2UzMTZiZmY2Yzp7Il9hdXRoX3VzZXJfaWQiOiIxIiwiX2F1dGhfdXNlcl9iYWNrZW5kIjoiZGphbmdvLmNvbnRyaWIuYXV0aC5iYWNrZW5kcy5Nb2RlbEJhY2tlbmQiLCJfYXV0aF91c2VyX2hhc2giOiIwNzEwM2Y2MDBjMDZlNjEzZWYzOTcxM2QwNDhkNTcxNzExYjU3Yzk5In0=", "expire_date": "2018-12-12T20:52:00.318Z"}}, {"model": "mainapp.productcategory", "pk": 1, "fields": {"name": "дом", "description": "отличная мебель для домашнего интерьера.", "is_active": true}}, {"model": "mainapp.productcategory", "pk": 2, "fields": {"name": "офис", "description": "стильная и надежная офисная мебель нового поколения. 2017 модельный год", "is_active": true}}, {"model": "mainapp.productcategory", "pk": 3, "fields": {"name": "модерн", "description": "мебель в стиле МОДЕРН подойдет для любого интерьера. И для вашего", "is_active": true}}, {"model": "mainapp.productcategory", "pk": 4, "fields": {"name": "классика", "description": "классический стиль актуален в любые времена.", "is_active": true}}, {"model": "mainapp.productcategory", "pk": 5, "fields": {"name": "товары для кухни", "description": "полезное для кухни 2017", "is_active": false}}, {"model": "mainapp.product", "pk": 1, "fields": {"category": 1, "name": "комфорт 1", "image": "products_images/product-1.jpg", "short_desc": "комфортный стул", "description": "подойдет для просмотра фильмов", "price": "2989.50", "quantity": 17, "is_active": true}}, {"model": "mainapp.product", "pk": 2, "fields": {"category": 1, "name": "комфорт 2", "image": "products_images/product-2.jpg", "short_desc": "очень комфортный стул", "description": "подойдет для общения с друзьями", "price": "3687.20", "quantity": 21, "is_active": true}}, {"model": "mainapp.product", "pk": 3, "fields": {"category": 1, "name": "люкс", "image": "products_images/product-3.jpg", "short_desc": "использованы премиальные материалы", "description": "для тех, кто стремится к лучшему", "price": "8157.99", "quantity": 7, "is_active": true}}, {"model": "mainapp.product", "pk": 4, "fields": {"category": 1, "name": "люкс 2", "image": "products_images/product-4.jpg", "short_desc": "использованы премиальные материалы", "description": "для тех, кто стремится к лучшему", "price": "9157.99", "quantity": 5, "is_active": true}}, {"model": "mainapp.product", "pk": 5, "fields": {"category": 1, "name": "люкс 3", "image": "products_images/product-5.jpg", "short_desc": "использованы премиальные материалы", "description": "для тех, кто стремится к лучшему", "price": "10157.99", "quantity": 3, "is_active": true}}, {"model": "mainapp.product", "pk": 6, "fields": {"category": 2, "name": "стандарт", "image": "products_images/product-6.jpg", "short_desc": "универсальное решение 2017 года", "description": "подойдет для любого офиса. отличные характеристики", "price": "1895.25", "quantity": 27, "is_active": true}}, {"model": "mainapp.product", "pk": 7, "fields": {"category": 2, "name": "премиум", "image": "products_images/product-7.jpg", "short_desc": "улучшенный дизайн", "description": "идеально впишется в строгий интерьер офиса", "price": "3587.41", "quantity": 9, "is_active": true}}, {"model": "mainapp.product", "pk": 8, "fields": {"category": 2, "name": "премиум 2", "image": "products_images/product-8.jpg", "short_desc": "улучшенный дизайн", "description": "идеально впишется в строгий интерьер офиса", "price": "4587.41", "quantity": 8, "is_active": true}}, {"model": "mainapp.product", "pk": 9, "fields": {"category": 3, "name": "новинка", "image": "products_images/product-9.jpg", "short_desc": "инновационный дизайн", "description": "нестандартное решение для современного интерьера", "price": "5361.47", "quantity": 18, "is_active": true}}, {"model": "mainapp.product", "pk": 10, "fields": {"category": 3, "name": "прогресс", "image": "products_images/product-10.jpg", "short_desc": "прогрессивный дизайн", "description": "функциональное и комфортное решение", "price": "6789.33", "quantity": 12, "is_active": true}}, {"model": "mainapp.product", "pk": 11, "fields": {"category": 3, "name": "прогресс 2", "image": "products_images/product-11.jpg", "short_desc": "прогрессивный дизайн", "description": "функциональное и комфортное решение", "price": "7789.33", "quantity": 11, "is_active": true}}, {"model": "mainapp.product", "pk": 12, "fields": {"category": 3, "name": "прогресс 3", "image": "products_images/product-12.jpg", "short_desc": "прогрессивный дизайн", "description": "функциональное и комфортное решение", "price": "9789.33", "quantity": 7, "is_active": true}}, {"model": "mainapp.product", "pk": 13, "fields": {"category": 4, "name": "венеция", "image": "products_images/product-13.jpg", "short_desc": "классические формы", "description": "окунитесь в европейский комфорт", "price": "4147.51", "quantity": 25, "is_active": true}}, {"model": "mainapp.product", "pk": 14, "fields": {"category": 4, "name": "тоскана", "image": "products_images/product-14.jpg", "short_desc": "эргономичная спинка", "description": "почувствуйте комфорт и насладитесь цветовой гаммой", "price": "7147.35", "quantity": 18, "is_active": true}}, {"model": "mainapp.product", "pk": 15, "fields": {"category": 4, "name": "рим", "image": "products_images/product-15.jpg", "short_desc": "удачные пропорции", "description": "компактность и функциональность", "price": "8357.77", "quantity": 8, "is_active": true}}, {"model": "mainapp.product", "pk": 16, "fields": {"category": 4, "name": "рим 2", "image": "products_images/product-16.jpg", "short_desc": "удачные пропорции", "description": "компактность и функциональность", "price": "9357.77", "quantity": 7, "is_active": true}}, {"model": "mainapp.product", "pk": 17, "fields": {"category": 4, "name": "рим 3", "image": "products_images/product-17.jpg", "short_desc": "удачные пропорции", "description": "компактность и функциональность", "price": "10357.77", "quantity": 6, "is_active": true}}, {"model": "mainapp.product", "pk": 18, "fields": {"category": 2, "name": "офисный стул 4", "image": "", "short_desc": "удлиненная спинка", "description": "для людей высокого роста", "price": "1897.44", "quantity": 18, "is_active": false}}, {"model": "authapp.shopuser", "pk": 1, "fields": {"password": "pbkdf2_sha256$260000$MsTF0uguQf49GhEgCe1CsL$uMIVCpQFLSnRdmA846eC/CNrfX9rJcTRuftKTdpVjBI=", "last_login": "2021-10-12T21:33:39.485Z", "is_superuser": true, "username": "django", "first_name": "", "last_name": "", "email": "django@geekshop.local", "is_staff": true, "is_active": true, "date_joined": "2017-10-18T12:46:45.112Z", "avatar": "", "age": 33, "activation_key": "", "activation_key_expires": "2021-10-06T21:18:31.171Z", "groups": [], "user_permissions": []}}, {"model": "authapp.shopuser", "pk": 2, "fields": {"password": "pbkdf2_sha256$30000$TibmK0AuZEVN$KOczqCTahCoBw7f6JgV5cDMaytWm7qHpqiNRCcL7vnw=", "last_login": "2017-10-21T09:38:08.255Z", "is_superuser": false, "username": "user1", "first_name": "Пользователь 1", "last_name": "", "email": "user1@geekshop.ru", "is_staff": false, "is_active": true, "date_joined": "2017-10-21T09:35:58.357Z", "avatar": "users_avatars/Jellyfish.jpg", "age": 28, "activation_key": "", "activation_key_expires": "2021-10-06T21:18:31.171Z", "groups": [], "user_permissions": []}}, {"model": "authapp.shopuser", "pk": 3, "fields": {"password": "pbkdf2_sha256$30000$yo2DzfanHzWV$ZiZ5mJrH7O7nlWXGRNr9E/H8OATrs+sDcdsu/qX0Tiw=", "last_login": null, "is_superuser": false, "username": "user2", "first_name": "", "last_name": "", "email": "user2@geekshop.ru", "is_staff": false, "is_active": true, "date_joined": "2017-10-21T10:27:36Z", "avatar": "users_avatars/Tulips.jpg", "age": 39, "activation_key": "", "activation_key_expires": "2021-10-06T21:18:31.171Z", "groups": [], "user_permissions": []}}, {"model": "authapp.shopuser", "pk": 4, "fields": {"password": "pbkdf2_sha256$30000$J5VHESGhsJQ2$GKCnuIhscf6HLBlxrzwpXtV/o5BbhzBbImsOCXV7Eho=", "last_login": null, "is_superuser": false, "username": "user3", "first_name": "", "last_name": "", "email": "1@1.ru", "is_staff": false, "is_active": false, "date_joined": "2017-10-21T10:29:06.713Z", "avatar": "", "age": 19, "activation_key": "", "activation_key_expires": "2021-10-06T21:18:31.171Z", "groups": [], "user_permissions": []}}, {"model": "authapp.shopuser", "pk": 5, "fields": {"password": "pbkdf2_sha256$30000$MtGCYwfLYlHX$m1E3qaaz5vb6azqPE5zI8hlBJOHl7vuecebnMLDO6SI=", "last_login": null, "is_superuser": false, "username": "user4", "first_name": "", "last_name": "", "email": "1@1.ru", "is_staff": false, "is_active": true, "date_joined": "2017-10-21T10:29:42.107Z", "avatar": "", "age": 19, "activation_key": "", "activation_key_expires": "2021-10-06T21:18:31.171Z", "groups": [], "user_permissions": []}}, {"model": "authapp.shopuser", "pk": 6, "fields": {"password": "pbkdf2_sha256$30000$iULsZkzlNJlW$kKb/918Jw3Ba41OTfkOe5KyHogjeXhOAsgIt04ZHoAE=", "last_login": null, "is_superuser": false, "username": "user7", "first_name": "Пользователь 7", "last_name": "", "email": "7@geekshop.ru", "is_staff": false, "is_active": false, "date_joined": "2017-10-21T10:54:15.921Z", "avatar": "users_avatars/Hydrangeas.jpg", "age": 56, "activation_key": "", "activation_key_expires": "2021-10-06T21:18:31.171Z", "groups": [], "user_permissions": []}}, {"model": "authapp.shopuser", "pk": 7, "fields": {"password": "pbkdf2_sha256$30000$WvXgdyZ5PfKG$8pT4FzHLw5uT+NOYLgaTkmhHXQdpW0pk6VIDhndReTk=", "last_login": null, "is_superuser": false, "username": "user9", "first_name": "Пользователь 9", "last_name": "", "email": "user9@geekshop.ru", "is_staff": false, "is_active": false, "date_joined": "2017-10-21T11:02:33Z", "avatar": "users_avatars/Chrysanthemum.jpg", "age": 19, "activation_key": "", "activation_key_expires": "2021-10-06T21:18:31.171Z", "groups": [], "user_permissions": []}}, {"model": "authapp.shopuser", "pk": 8, "fields": {"password": "pbkdf2_sha256$260000$cPafnWkNFV7FVf06Mx5Fpq$N7My1y+JJmso/5WwrZWpB73mKwdkEqZf3ezFNTzPJdQ=", "last_login": null, "is_superuser": false, "username": "testik", "first_name": "kjhkjh", "last_name": "", "email": "lali002@bk.ru", "is_staff": false, "is_active": false, "date_joined": "2021-10-04T21:45:59.041Z", "avatar": "", "age": 21, "activation_key": "92a7480f1ad861c2f7e758aa72550bb8f675714c", "activation_key_expires": "2021-10-06T21:44:26.138Z", "groups": [], "user_permissions": []}}, {"model": "authapp.shopuser", "pk": 9, "fields": {"password": "!6efqG37EKCOts2mxArbZUAhgZS3XbY366mHxg2iA", "last_login": "2021-10-10T11:55:08.417Z", "is_superuser": false, "username": "kanspiano", "first_name": "Игорь", "last_name": "Скотников", "email": "", "is_staff": false, "is_active": true, "date_joined": "2021-10-06T22:07:02.619Z", "avatar": "", "age": 18, "activation_key": "", "activation_key_expires": "2021-10-08T22:06:57.427Z", "groups": [], "user_permissions": []}}, {"model": "authapp.shopuser", "pk": 10, "fields": {"password": "pbkdf2_sha256$260000$BKvIzNry9LWmCg94dNKDNh$SI75QZGDkCyUnwzbLL3QRegbK9fRl2tk0kGH6I05fm8=", "last_login": null, "is_superuser": false, "username": "test", "first_name": "ghjnm", "last_name": "", "email": "sbankbnj@mail.ru", "is_staff": false, "is_active": false, "date_joined": "2021-10-12T21:32:53.630Z", "avatar": "", "age": 18, "activation_key": "2d7a6b6a7e0267600b123924db0c087884137672", "activation_key_expires": "2021-10-14T21:27:25.175Z", "groups": [], "user_permissions": []}}, {"model": "authapp.shopuser", "pk": 11, "fields": {"password": "pbkdf2_sha256$260000$0IVjLyBjn5lzUTW5ehB6Ow$5UW63RXEVdLvFFzlnO/O4ltcDcjJvzjh76ri8dPTUxU=", "last_login": null, "is_superuser": false, "username": "test1", "first_name": "test", "last_name": "", "email": "asdnkajn@mail.ru", "is_staff": false, "is_active": false, "date_joined": "2021-10-12T21:34:43.037Z", "avatar": "", "age": 18, "activation_key": "e50f548b2a4c590aba45b7d40ebfa37991de6160", "activation_key_expires": "2021-10-14T21:27:25.175Z", "groups": [], "user_permissions": []}}, {"model": "authapp.shopuserprofile", "pk": 1, "fields": {"user": 1, "tagline": "", "aboutMe": "", "gender": ""}}, {"model": "authapp.shopuserprofile", "pk": 2, "fields": {"user": 2, "tagline": "", "aboutMe": "", "gender": ""}}, {"model": "authapp.shopuserprofile", "pk": 3, "fields": {"user": 3, "tagline": "", "aboutMe": "", "gender": ""}}, {"model": "authapp.shopuserprofile", "pk": 4, "fields": {"user": 4, "tagline": "", "aboutMe": "", "gender": ""}}, {"model": "authapp.shopuserprofile", "pk": 5, "fields": {"user": 5, "tagline": "", "aboutMe": "", "gender": ""}}, {"model": "authapp.shopuserprofile", "pk": 6, "fields": {"user": 6, "tagline": "", "aboutMe": "", "gender": ""}}, {"model": "authapp.shopuserprofile", "pk": 7, "fields": {"user": 7, "tagline": "", "aboutMe": "", "gender": ""}}, {"model": "authapp.shopuserprofile", "pk": 8, "fields": {"user": 8, "tagline": "", "aboutMe": "", "gender": ""}}, {"model": "authapp.shopuserprofile", "pk": 9, "fields": {"user": 9, "tagline": "", "aboutMe": "", "gender": "M"}}, {"model": "authapp.shopuserprofile", "pk": 10, "fields": {"user": 10, "tagline": "", "aboutMe": "", "gender": ""}}, {"model": "authapp.shopuserprofile", "pk": 11, "fields": {"user": 11, "tagline": "", "aboutMe": "", "gender": ""}}, {"model": "basketapp.basket", "pk": 12, "fields": {"user": 2, "product": 15, "quantity": 1, "add_datetime": "2017-10-21T09:36:11.312Z"}}, {"model": "basketapp.basket", "pk": 16, "fields": {"user": 1, "product": 10, "quantity": 2, "add_datetime": "2021-10-12T21:31:07.479Z"}}, {"model": "basketapp.basket", "pk": 17, "fields": {"user": 1, "product": 13, "quantity": 1, "add_datetime": "2021-10-12T21:31:12.504Z"}}, {"model": "social_django.usersocialauth", "pk": 1, "fields": {"user": 9, "provider": "vk-oauth2", "uid": "1412588", "extra_data": "{\"auth_time\": 1633866908, \"id\": 1412588, \"expires\": 86400, \"access_token\": \"31ccdb22b9c424264179a59088203869c1d941854d1f6f5436ec55ad25db3a5ff0153b8f5818d0a4c382d\", \"token_type\": null}", "created": "2021-10-06T22:07:02.631Z", "modified": "2021-10-10T11:55:08.394Z"}}]